备盒,荤侩楷档,辆幅,备概樊,荤侩樊,犁绊樊,窜困
盔林夯家,2017,家陛,7630,5130,2500,沛
碍釜瘤家,2017,家陛,4500,3329,1171,沛
怕归瘤家,2017,家陛,3600,3000,600,沛
合何瘤家,2017,家陛,3549,2300,1249,沛
盔林夯家,2017,堪拳漠椒,155,115,40,沛
碍釜瘤家,2017,堪拳漠椒,320,200,120,沛
怕归瘤家,2017,堪拳漠椒,140,120,20,沛
合何瘤家,2017,堪拳漠椒,600,400,200,沛
盔林夯家,2017,模券版 力汲力,20,20,0,沛
碍釜瘤家,2017,模券版 力汲力,170,170,0,沛
怕归瘤家,2017,模券版 力汲力,146,146,0,沛
合何瘤家,2017,模券版 力汲力,10,10,20,沛
盔林夯家,2018,家陛,6810,4700,2110,沛
碍釜瘤家,2018,家陛,4000,3000,1000,沛
怕归瘤家,2018,家陛,2502,2062,440,沛
合何瘤家,2018,家陛,3000,2000,1000,沛
盔林夯家,2018,堪拳漠椒,138,100,38,沛
碍釜瘤家,2018,堪拳漠椒,230,130,100,沛
怕归瘤家,2018,堪拳漠椒,94,77,17,沛
合何瘤家,2018,堪拳漠椒,350,250,100,沛
盔林夯家,2018,模券版 力汲力,21,21,0,沛
碍釜瘤家,2018,模券版 力汲力,100,100,0,沛
怕归瘤家,2018,模券版 力汲力,100,100,0,沛
合何瘤家,2018,模券版 力汲力,10,10,20,沛
盔林夯家,2019,家陛,10909,7815,3094,沛
碍釜瘤家,2019,家陛,8500,7111,1389,沛
怕归瘤家,2019,家陛,6499,5859,640,沛
合何瘤家,2019,家陛,6930,3822,3108,沛
盔林夯家,2019,堪拳漠椒,242,104,138,沛
碍釜瘤家,2019,堪拳漠椒,450,181,269,沛
怕归瘤家,2019,堪拳漠椒,74,37,37,沛
合何瘤家,2019,堪拳漠椒,1529,504,1025,沛
盔林夯家,2019,模券版 力汲力,100,0,100,沛
碍釜瘤家,2019,模券版 力汲力,256,256,0,沛
怕归瘤家,2019,模券版 力汲力,92,73.1,18.9,沛
合何瘤家,2019,模券版 力汲力,0,0,0,沛
盔林夯家,2020,力汲力,9107,8730,377,沛
怕归瘤家,2020,力汲力,5616,5175,441,沛
碍釜瘤家,2020,力汲力,8675,6405,2270,沛
合何瘤家,2020,力汲力,6491,6013,478,沛
盔林夯家,2021,力汲力,7716,6322,1394,沛
怕归瘤家,2021,力汲力,5400,2919,2481,沛
碍釜瘤家,2021,力汲力,6734,3330,3404,沛
合何瘤家,2021,力汲力,5460,3525,1935,沛
盔林夯家,2022,力汲力,5821,4185,1636,沛
怕归瘤家,2022,力汲力,5583,1982,3601,沛
碍釜瘤家,2022,力汲力,7880,1685,6195,沛
合何瘤家,2022,力汲力,6193,3430,2763,沛
